id,timestamp,date,time
mruknszsxx8lbs,2026-07-21T08:30:21-03:00,2026-07-21,08:30:21
mrul8kfch8b1i8,2026-07-21T08:46:30-03:00,2026-07-21,08:46:30
mrum38m3imunog,2026-07-21T09:10:21-03:00,2026-07-21,09:10:21
mrumy0aq3i63zb,2026-07-21T09:34:16-03:00,2026-07-21,09:34:16
mruoecrn7n09j2,2026-07-21T10:14:58-03:00,2026-07-21,10:14:58
mrupl2n50hq527,2026-07-21T10:48:12-03:00,2026-07-21,10:48:12
mruqq7x4zzle6e,2026-07-21T11:20:11-03:00,2026-07-21,11:20:11
mrurraf25z3pkw,2026-07-21T11:49:01-03:00,2026-07-21,11:49:01
mrutuoyq94f25j,2026-07-21T12:47:39-03:00,2026-07-21,12:47:39
mruwpkq2smf762,2026-07-21T14:07:39-03:00,2026-07-21,14:07:39
mruxspqmzq3gge,2026-07-21T14:38:05-03:00,2026-07-21,14:38:05
mrv09ag6deb2ts,2026-07-21T15:46:58-03:00,2026-07-21,15:46:58
mrv1g6qe7sqns8,2026-07-21T16:20:19-03:00,2026-07-21,16:20:19
mrv2dsbqyxui5f,2026-07-21T16:46:27-03:00,2026-07-21,16:46:27
mrv4bdtsuqmlyf,2026-07-21T17:40:34-03:00,2026-07-21,17:40:34
mrv5lybih0rmb3,2026-07-21T18:16:46-03:00,2026-07-21,18:16:46
mrv6ribyygjps6,2026-07-21T18:49:05-03:00,2026-07-21,18:49:05
mrv7z79ckbq8tp,2026-07-21T19:23:04-03:00,2026-07-21,19:23:04
mrv8otzbja5wez,2026-07-21T19:43:00-03:00,2026-07-21,19:43:00
mrvahibjwmqslo,2026-07-21T20:33:17-03:00,2026-07-21,20:33:17
mrvb6b5n23yj97,2026-07-21T20:52:34-03:00,2026-07-21,20:52:34
mrvc1qt226s9jd,2026-07-21T21:17:01-03:00,2026-07-21,21:17:01
mrvcvj1bvuaocl,2026-07-21T21:40:11-03:00,2026-07-21,21:40:11
mrvdepir654t5y,2026-07-21T21:55:05-03:00,2026-07-21,21:55:05
mrvejsmdxp5an6,2026-07-21T22:27:02-03:00,2026-07-21,22:27:02
mrvfn4134iktle,2026-07-21T22:57:37-03:00,2026-07-21,22:57:37
mrvh38a5xg7ee5,2026-07-21T23:38:08-03:00,2026-07-21,23:38:08
mrvhptha2whwhe,2026-07-21T23:55:42-03:00,2026-07-21,23:55:42
mrvie3xtj1tx6m,2026-07-22T00:14:36-03:00,2026-07-22,00:14:36
mrw1k4alnqs639,2026-07-22T09:11:09-03:00,2026-07-22,09:11:09
mrw2am7cfcjkmz,2026-07-22T09:31:45-03:00,2026-07-22,09:31:45
mrw3a8twn163v0,2026-07-22T09:59:27-03:00,2026-07-22,09:59:27
mrw3uf1yvs4pnz,2026-07-22T10:15:08-03:00,2026-07-22,10:15:08
mrw5cfawad8ri6,2026-07-22T10:57:08-03:00,2026-07-22,10:57:08
mrw69utpox319v,2026-07-22T11:23:08-03:00,2026-07-22,11:23:08
mrw7ig3sv2ygm0,2026-07-22T11:57:48-03:00,2026-07-22,11:57:48
mrw8uhs6b63pjb,2026-07-22T12:35:10-03:00,2026-07-22,12:35:10
mrwc168ny9v3s3,2026-07-22T14:04:20-03:00,2026-07-22,14:04:20
mrwdfkmqgs15kn,2026-07-22T14:43:32-03:00,2026-07-22,14:43:32
mrwejr0hjpd2se,2026-07-22T15:14:46-03:00,2026-07-22,15:14:46
mrwghte2zzai3w,2026-07-22T16:09:15-03:00,2026-07-22,16:09:15
mrwhkakc3sm9qj,2026-07-22T16:39:11-03:00,2026-07-22,16:39:11
mrwiqjc277zyve,2026-07-22T17:12:02-03:00,2026-07-22,17:12:02
mrwp2eekhjcs75,2026-07-22T20:09:13-03:00,2026-07-22,20:09:13
mrwqb5upujp4en,2026-07-22T20:44:01-03:00,2026-07-22,20:44:01
mrwrep1g0grn0e,2026-07-22T21:14:46-03:00,2026-07-22,21:14:46
mrwsvi6sf90rui,2026-07-22T21:55:49-03:00,2026-07-22,21:55:49
mrwu7wsmxn1ryy,2026-07-22T22:33:28-03:00,2026-07-22,22:33:28
mrwv1zl2n803mk,2026-07-22T22:56:51-03:00,2026-07-22,22:56:51
mrww2ds1il8p65,2026-07-22T23:25:09-03:00,2026-07-22,23:25:09
mrwxe9s3sbvcdj,2026-07-23T00:02:24-03:00,2026-07-23,00:02:24
mrwyltp5nmq2lp,2026-07-23T00:36:16-03:00,2026-07-23,00:36:16
mrwzqyuin0j438,2026-07-23T01:08:15-03:00,2026-07-23,01:08:15
mrx0blpvaw1wzm,2026-07-23T01:24:18-03:00,2026-07-23,01:24:18
mrx0uxbnn6kvym,2026-07-23T01:39:19-03:00,2026-07-23,01:39:19
mrxhbb2slxp49x,2026-07-23T09:19:58-03:00,2026-07-23,09:19:58
mrxi6czpjusbsy,2026-07-23T09:44:06-03:00,2026-07-23,09:44:06
mrxjtpbh7aa1mv,2026-07-23T10:30:15-03:00,2026-07-23,10:30:15
mrxkq2hfj4qb9h,2026-07-23T10:55:25-03:00,2026-07-23,10:55:25
mrxmxfrr1zajq9,2026-07-23T11:57:08-03:00,2026-07-23,11:57:08
mrxnvrbe5sl9oz,2026-07-23T12:23:49-03:00,2026-07-23,12:23:49
mrxq1a67g669p9,2026-07-23T13:24:06-03:00,2026-07-23,13:24:06
mrxr886a7haznw,2026-07-23T13:57:30-03:00,2026-07-23,13:57:30
mrxu5if5mfziw5,2026-07-23T15:19:22-03:00,2026-07-23,15:19:22
mrxvbdv3cjanfi,2026-07-23T15:51:56-03:00,2026-07-23,15:51:56
mrxy1a4tsmghge,2026-07-23T17:08:03-03:00,2026-07-23,17:08:03
mry1logcgkmtd5,2026-07-23T18:47:54-03:00,2026-07-23,18:47:54
mry2gy3cnjeva6,2026-07-23T19:12:13-03:00,2026-07-23,19:12:13
mry6x1e0fx5qxe,2026-07-23T21:16:42-03:00,2026-07-23,21:16:42
mry8kjalt8ds0u,2026-07-23T22:02:58-03:00,2026-07-23,22:02:58
mry9m2rizzpu30,2026-07-23T22:32:09-03:00,2026-07-23,22:32:09
mryakwxik2kvdt,2026-07-23T22:59:15-03:00,2026-07-23,22:59:15
mryb7gr32iw0g0,2026-07-23T23:16:47-03:00,2026-07-23,23:16:47
mryd0vmgslk39m,2026-07-24T00:07:39-03:00,2026-07-24,00:07:39
mryd41fowj9ckn,2026-07-24T00:10:06-03:00,2026-07-24,00:10:06
mrye6qxc4k1srg,2026-07-24T00:40:12-03:00,2026-07-24,00:40:12
mrygrmvh8cvhdy,2026-07-24T01:52:26-03:00,2026-07-24,01:52:26
mryhclja5zi0q3,2026-07-24T02:08:44-03:00,2026-07-24,02:08:44
mryi1jyqw0c6qc,2026-07-24T02:28:08-03:00,2026-07-24,02:28:08
mryisb6ww4y2kd,2026-07-24T02:48:57-03:00,2026-07-24,02:48:57
mryjyp2o5c9h2v,2026-07-24T03:21:54-03:00,2026-07-24,03:21:54
mryl14hudrvl9p,2026-07-24T03:51:47-03:00,2026-07-24,03:51:47
mrylvdxb0nacxa,2026-07-24T04:15:19-03:00,2026-07-24,04:15:19
mryya8whtgfkba,2026-07-24T10:02:48-03:00,2026-07-24,10:02:48
mryz0trvp79c8y,2026-07-24T10:23:28-03:00,2026-07-24,10:23:28
mryzxcie4qivj7,2026-07-24T10:48:45-03:00,2026-07-24,10:48:45
mrz0n65kr5kcc8,2026-07-24T11:08:50-03:00,2026-07-24,11:08:50
mrz30gw4r86qcg,2026-07-24T12:15:10-03:00,2026-07-24,12:15:10
mrz5el9nzdn4z5,2026-07-24T13:22:08-03:00,2026-07-24,13:22:08
mrz6mnxjefcdmk,2026-07-24T13:56:24-03:00,2026-07-24,13:56:24
mrz7qw15ndkcoa,2026-07-24T14:27:41-03:00,2026-07-24,14:27:41
mrz9c1fl28jc7r,2026-07-24T15:12:07-03:00,2026-07-24,15:12:07
mrzahnwi447b1b,2026-07-24T15:44:29-03:00,2026-07-24,15:44:29
mrzc88kyurzydk,2026-07-24T16:33:09-03:00,2026-07-24,16:33:09
mrzdcg5mqswxuh,2026-07-24T17:04:25-03:00,2026-07-24,17:04:25
mrze15k1ys3m0z,2026-07-24T17:23:37-03:00,2026-07-24,17:23:37
mrzeoxs39hes4f,2026-07-24T17:42:07-03:00,2026-07-24,17:42:07
mrzghym09z2ho0,2026-07-24T18:32:41-03:00,2026-07-24,18:32:41
mrzgz5axe88evi,2026-07-24T18:46:03-03:00,2026-07-24,18:46:03
mrzl4x5hgdpyfs,2026-07-24T20:42:30-03:00,2026-07-24,20:42:30
mrzxbcbs4ws6qa,2026-07-25T02:23:25-03:00,2026-07-25,02:23:25
ms1w1oxrpas53t,2026-07-26T11:23:28-03:00,2026-07-26,11:23:28
ms1w1p2924icap,2026-07-26T11:23:28-03:00,2026-07-26,11:23:28
ms1wqubpdf48xx,2026-07-26T11:43:01-03:00,2026-07-26,11:43:01
ms1xfg7jzsrva6,2026-07-26T12:02:09-03:00,2026-07-26,12:02:09
ms1y92p4u6uo1s,2026-07-26T12:25:12-03:00,2026-07-26,12:25:12
ms1z8gpf747yrg,2026-07-26T12:52:43-03:00,2026-07-26,12:52:43
ms2126uznvzx65,2026-07-26T13:43:49-03:00,2026-07-26,13:43:49
ms21bias8re9bi,2026-07-26T13:51:04-03:00,2026-07-26,13:51:04
ms22l5ui54rbra,2026-07-26T14:26:34-03:00,2026-07-26,14:26:34
ms24xmefdripfl,2026-07-26T15:32:15-03:00,2026-07-26,15:32:15
ms25g84rozwd20,2026-07-26T15:46:42-03:00,2026-07-26,15:46:42
ms26f7ynnhs335,2026-07-26T16:13:55-03:00,2026-07-26,16:13:55
ms270qak5kyi74,2026-07-26T16:30:39-03:00,2026-07-26,16:30:39
ms286od1dqqg5l,2026-07-26T17:03:16-03:00,2026-07-26,17:03:16
ms2a4u6jzee4jr,2026-07-26T17:57:49-03:00,2026-07-26,17:57:49
ms2b9p16nuf7tx,2026-07-26T18:29:35-03:00,2026-07-26,18:29:35
ms2d4uz4orvn70,2026-07-26T19:21:49-03:00,2026-07-26,19:21:49
ms2dyki29v2s44,2026-07-26T19:44:55-03:00,2026-07-26,19:44:55
ms2eytat583v7k,2026-07-26T20:13:06-03:00,2026-07-26,20:13:06
ms2h7isjbtrqb3,2026-07-26T21:15:52-03:00,2026-07-26,21:15:52
ms2hhirbfyyfoa,2026-07-26T21:23:38-03:00,2026-07-26,21:23:38
ms2hw7strbgwwo,2026-07-26T21:35:04-03:00,2026-07-26,21:35:04
ms2ji4milk53wf,2026-07-26T22:20:06-03:00,2026-07-26,22:20:06
ms2km90coqgql1,2026-07-26T22:51:18-03:00,2026-07-26,22:51:18
ms2lj08h03ixzp,2026-07-26T23:16:46-03:00,2026-07-26,23:16:46
ms2lxs3dgrgx9n,2026-07-26T23:28:15-03:00,2026-07-26,23:28:15
ms2mcpia9fq601,2026-07-26T23:39:52-03:00,2026-07-26,23:39:52
ms2np62wu6262g,2026-07-27T00:17:33-03:00,2026-07-27,00:17:33
ms39a6vgrgxgrn,2026-07-27T10:21:46-03:00,2026-07-27,10:21:46
ms3ba06dpdki2t,2026-07-27T11:17:36-03:00,2026-07-27,11:17:36
ms3ba0o1zi6d00,2026-07-27T11:17:37-03:00,2026-07-27,11:17:37
ms3bzcttuivzav,2026-07-27T11:37:19-03:00,2026-07-27,11:37:19
ms3cuorba6ohth,2026-07-27T12:01:41-03:00,2026-07-27,12:01:41
ms3euriwm3807d,2026-07-27T12:57:44-03:00,2026-07-27,12:57:44
ms3fkwh1m6pu1u,2026-07-27T13:18:03-03:00,2026-07-27,13:18:03
ms3i55jx5p6nhh,2026-07-27T14:29:47-03:00,2026-07-27,14:29:47
ms3iiar79bgro3,2026-07-27T14:40:00-03:00,2026-07-27,14:40:00
ms3j7da3wqp5sk,2026-07-27T14:59:30-03:00,2026-07-27,14:59:30
ms3k2v645zvllz,2026-07-27T15:24:00-03:00,2026-07-27,15:24:00
ms3kdvtm1hqq12,2026-07-27T15:32:34-03:00,2026-07-27,15:32:34
ms3n3l2rnqy7c1,2026-07-27T16:48:32-03:00,2026-07-27,16:48:32
ms3o0nfr05140w,2026-07-27T17:14:15-03:00,2026-07-27,17:14:15
ms3ojkn47172bn,2026-07-27T17:28:58-03:00,2026-07-27,17:28:58
ms3ptqsugka2fg,2026-07-27T18:04:52-03:00,2026-07-27,18:04:52
ms3qadq98xilko,2026-07-27T18:17:48-03:00,2026-07-27,18:17:48
ms3qzoptmkvs3i,2026-07-27T18:37:29-03:00,2026-07-27,18:37:29
ms3rhdcycz6x6k,2026-07-27T18:51:14-03:00,2026-07-27,18:51:14
ms3sbf6n1gj3si,2026-07-27T19:14:36-03:00,2026-07-27,19:14:36
ms3tnlmz1ku20q,2026-07-27T19:52:04-03:00,2026-07-27,19:52:04
ms3u98lsyz8f6j,2026-07-27T20:08:53-03:00,2026-07-27,20:08:53
ms3v8edj7hdcm8,2026-07-27T20:36:14-03:00,2026-07-27,20:36:14
ms3wb9p3lw18t3,2026-07-27T21:06:27-03:00,2026-07-27,21:06:27
ms3yjqqvr59ysx,2026-07-27T22:09:02-03:00,2026-07-27,22:09:02
ms3zr0p4jku6a7,2026-07-27T22:42:41-03:00,2026-07-27,22:42:41
ms40czm48u6rh5,2026-07-27T22:59:46-03:00,2026-07-27,22:59:46
ms40ysstpkgcjd,2026-07-27T23:16:43-03:00,2026-07-27,23:16:43
ms43djcvbp2mev,2026-07-28T00:24:10-03:00,2026-07-28,00:24:10
ms43tl6vthnn1s,2026-07-28T00:36:39-03:00,2026-07-28,00:36:39
ms4og4fwj8l93s,2026-07-28T10:14:03-03:00,2026-07-28,10:14:03
ms4p6g7skjy4dn,2026-07-28T10:34:31-03:00,2026-07-28,10:34:31
ms4q5yf9o20qjs,2026-07-28T11:02:08-03:00,2026-07-28,11:02:08
ms4rbj52h1vv3q,2026-07-28T11:34:27-03:00,2026-07-28,11:34:27
ms4sa3044o627i,2026-07-28T12:01:19-03:00,2026-07-28,12:01:19
ms4vc8br2izgjy,2026-07-28T13:26:58-03:00,2026-07-28,13:26:58
ms4wurg2d8o334,2026-07-28T14:09:23-03:00,2026-07-28,14:09:23
ms4yxig715af6g,2026-07-28T15:07:30-03:00,2026-07-28,15:07:30
ms50bh4v13mhh7,2026-07-28T15:46:21-03:00,2026-07-28,15:46:21
ms51c4wkvfgjou,2026-07-28T16:14:52-03:00,2026-07-28,16:14:52
ms52irf1k46znw,2026-07-28T16:48:00-03:00,2026-07-28,16:48:00
ms56w3uso2zr5q,2026-07-28T18:50:22-03:00,2026-07-28,18:50:22
ms5906jbjcdygu,2026-07-28T19:49:31-03:00,2026-07-28,19:49:31
ms5a8vxi4db90j,2026-07-28T20:24:17-03:00,2026-07-28,20:24:17
ms5chbdj4uhh2h,2026-07-28T21:26:49-03:00,2026-07-28,21:26:49
ms5d8un856sl9p,2026-07-28T21:48:14-03:00,2026-07-28,21:48:14
ms5es15a3j16ge,2026-07-28T22:31:08-03:00,2026-07-28,22:31:08
ms5fuiajl8ekf1,2026-07-28T23:01:04-03:00,2026-07-28,23:01:04
ms5ha65pl3qdw4,2026-07-28T23:41:14-03:00,2026-07-28,23:41:14
ms5ib0qbmq0wm5,2026-07-29T00:09:53-03:00,2026-07-29,00:09:53
ms5j4xeby4cuz8,2026-07-29T00:33:09-03:00,2026-07-29,00:33:09
ms5k0dhlzoytni,2026-07-29T00:57:36-03:00,2026-07-29,00:57:36
ms5kobl4rv7m81,2026-07-29T01:16:13-03:00,2026-07-29,01:16:13
ms5lelzkfhjv0c,2026-07-29T01:36:40-03:00,2026-07-29,01:36:40
ms5mqm6knm1pq8,2026-07-29T02:13:59-03:00,2026-07-29,02:13:59
ms5naps0bc4rtb,2026-07-29T02:29:37-03:00,2026-07-29,02:29:37
ms5nordmph18dx,2026-07-29T02:40:32-03:00,2026-07-29,02:40:32
ms647v0dkzrgef,2026-07-29T10:23:17-03:00,2026-07-29,10:23:17
ms65dpmeyzv8s7,2026-07-29T10:55:50-03:00,2026-07-29,10:55:50
ms66wbdo1mrzzm,2026-07-29T11:38:18-03:00,2026-07-29,11:38:18
ms681nwf2ez5l5,2026-07-29T12:10:27-03:00,2026-07-29,12:10:27
ms6cfjadmykrnh,2026-07-29T14:13:12-03:00,2026-07-29,14:13:12
ms6el1httcyaq2,2026-07-29T15:13:28-03:00,2026-07-29,15:13:28
ms6fne33tdl06w,2026-07-29T15:43:18-03:00,2026-07-29,15:43:18
ms6gyl5w9ov1tp,2026-07-29T16:20:00-03:00,2026-07-29,16:20:00
ms6i91deiydkdv,2026-07-29T16:56:07-03:00,2026-07-29,16:56:07
ms6job0dwf72ns,2026-07-29T17:35:59-03:00,2026-07-29,17:35:59
ms6osru1vh8kor,2026-07-29T19:59:25-03:00,2026-07-29,19:59:25
ms6ppjgmcux89i,2026-07-29T20:24:54-03:00,2026-07-29,20:24:54
ms6r0vhoiehy2e,2026-07-29T21:01:43-03:00,2026-07-29,21:01:43
ms6s5g265y0f6f,2026-07-29T21:33:15-03:00,2026-07-29,21:33:15
ms6sz4kk13y8pq,2026-07-29T21:56:20-03:00,2026-07-29,21:56:20
ms6tz5qw3s6de6,2026-07-29T22:24:21-03:00,2026-07-29,22:24:21
ms6vh0xgq7s8mr,2026-07-29T23:06:15-03:00,2026-07-29,23:06:15
