id,timestamp,date,time
mruknszsxx8lbs,2026-07-21T08:30:21-03:00,2026-07-21,08:30:21
mrul8kfch8b1i8,2026-07-21T08:46:30-03:00,2026-07-21,08:46:30
mrum38m3imunog,2026-07-21T09:10:21-03:00,2026-07-21,09:10:21
mrumy0aq3i63zb,2026-07-21T09:34:16-03:00,2026-07-21,09:34:16
mruoecrn7n09j2,2026-07-21T10:14:58-03:00,2026-07-21,10:14:58
mrupl2n50hq527,2026-07-21T10:48:12-03:00,2026-07-21,10:48:12
mruqq7x4zzle6e,2026-07-21T11:20:11-03:00,2026-07-21,11:20:11
mrurraf25z3pkw,2026-07-21T11:49:01-03:00,2026-07-21,11:49:01
mrutuoyq94f25j,2026-07-21T12:47:39-03:00,2026-07-21,12:47:39
mruwpkq2smf762,2026-07-21T14:07:39-03:00,2026-07-21,14:07:39
mruxspqmzq3gge,2026-07-21T14:38:05-03:00,2026-07-21,14:38:05
mrv09ag6deb2ts,2026-07-21T15:46:58-03:00,2026-07-21,15:46:58
mrv1g6qe7sqns8,2026-07-21T16:20:19-03:00,2026-07-21,16:20:19
mrv2dsbqyxui5f,2026-07-21T16:46:27-03:00,2026-07-21,16:46:27
mrv4bdtsuqmlyf,2026-07-21T17:40:34-03:00,2026-07-21,17:40:34
mrv5lybih0rmb3,2026-07-21T18:16:46-03:00,2026-07-21,18:16:46
mrv6ribyygjps6,2026-07-21T18:49:05-03:00,2026-07-21,18:49:05
mrv7z79ckbq8tp,2026-07-21T19:23:04-03:00,2026-07-21,19:23:04
mrv8otzbja5wez,2026-07-21T19:43:00-03:00,2026-07-21,19:43:00
mrvahibjwmqslo,2026-07-21T20:33:17-03:00,2026-07-21,20:33:17
mrvb6b5n23yj97,2026-07-21T20:52:34-03:00,2026-07-21,20:52:34
mrvc1qt226s9jd,2026-07-21T21:17:01-03:00,2026-07-21,21:17:01
mrvcvj1bvuaocl,2026-07-21T21:40:11-03:00,2026-07-21,21:40:11
mrvdepir654t5y,2026-07-21T21:55:05-03:00,2026-07-21,21:55:05
mrvejsmdxp5an6,2026-07-21T22:27:02-03:00,2026-07-21,22:27:02
mrvfn4134iktle,2026-07-21T22:57:37-03:00,2026-07-21,22:57:37
mrvh38a5xg7ee5,2026-07-21T23:38:08-03:00,2026-07-21,23:38:08
mrvhptha2whwhe,2026-07-21T23:55:42-03:00,2026-07-21,23:55:42
mrvie3xtj1tx6m,2026-07-22T00:14:36-03:00,2026-07-22,00:14:36
mrw1k4alnqs639,2026-07-22T09:11:09-03:00,2026-07-22,09:11:09
mrw2am7cfcjkmz,2026-07-22T09:31:45-03:00,2026-07-22,09:31:45
mrw3a8twn163v0,2026-07-22T09:59:27-03:00,2026-07-22,09:59:27
mrw3uf1yvs4pnz,2026-07-22T10:15:08-03:00,2026-07-22,10:15:08
mrw5cfawad8ri6,2026-07-22T10:57:08-03:00,2026-07-22,10:57:08
mrw69utpox319v,2026-07-22T11:23:08-03:00,2026-07-22,11:23:08
mrw7ig3sv2ygm0,2026-07-22T11:57:48-03:00,2026-07-22,11:57:48
mrw8uhs6b63pjb,2026-07-22T12:35:10-03:00,2026-07-22,12:35:10
mrwc168ny9v3s3,2026-07-22T14:04:20-03:00,2026-07-22,14:04:20
mrwdfkmqgs15kn,2026-07-22T14:43:32-03:00,2026-07-22,14:43:32
mrwejr0hjpd2se,2026-07-22T15:14:46-03:00,2026-07-22,15:14:46
mrwghte2zzai3w,2026-07-22T16:09:15-03:00,2026-07-22,16:09:15
mrwhkakc3sm9qj,2026-07-22T16:39:11-03:00,2026-07-22,16:39:11
mrwiqjc277zyve,2026-07-22T17:12:02-03:00,2026-07-22,17:12:02
mrwp2eekhjcs75,2026-07-22T20:09:13-03:00,2026-07-22,20:09:13
mrwqb5upujp4en,2026-07-22T20:44:01-03:00,2026-07-22,20:44:01
mrwrep1g0grn0e,2026-07-22T21:14:46-03:00,2026-07-22,21:14:46
mrwsvi6sf90rui,2026-07-22T21:55:49-03:00,2026-07-22,21:55:49
mrwu7wsmxn1ryy,2026-07-22T22:33:28-03:00,2026-07-22,22:33:28
mrwv1zl2n803mk,2026-07-22T22:56:51-03:00,2026-07-22,22:56:51
mrww2ds1il8p65,2026-07-22T23:25:09-03:00,2026-07-22,23:25:09
mrwxe9s3sbvcdj,2026-07-23T00:02:24-03:00,2026-07-23,00:02:24
mrwyltp5nmq2lp,2026-07-23T00:36:16-03:00,2026-07-23,00:36:16
mrwzqyuin0j438,2026-07-23T01:08:15-03:00,2026-07-23,01:08:15
mrx0blpvaw1wzm,2026-07-23T01:24:18-03:00,2026-07-23,01:24:18
mrx0uxbnn6kvym,2026-07-23T01:39:19-03:00,2026-07-23,01:39:19
mrxhbb2slxp49x,2026-07-23T09:19:58-03:00,2026-07-23,09:19:58
mrxi6czpjusbsy,2026-07-23T09:44:06-03:00,2026-07-23,09:44:06
mrxjtpbh7aa1mv,2026-07-23T10:30:15-03:00,2026-07-23,10:30:15
mrxkq2hfj4qb9h,2026-07-23T10:55:25-03:00,2026-07-23,10:55:25
mrxmxfrr1zajq9,2026-07-23T11:57:08-03:00,2026-07-23,11:57:08
mrxnvrbe5sl9oz,2026-07-23T12:23:49-03:00,2026-07-23,12:23:49
mrxq1a67g669p9,2026-07-23T13:24:06-03:00,2026-07-23,13:24:06
mrxr886a7haznw,2026-07-23T13:57:30-03:00,2026-07-23,13:57:30
mrxu5if5mfziw5,2026-07-23T15:19:22-03:00,2026-07-23,15:19:22
mrxvbdv3cjanfi,2026-07-23T15:51:56-03:00,2026-07-23,15:51:56
mrxy1a4tsmghge,2026-07-23T17:08:03-03:00,2026-07-23,17:08:03
